Unnamed: 0,tweets_pronouns,Notes,FP,Observe mosquito,Mosquito Bite,Observe spraying,General spraying observation,Spraying for self,Spraying for someone else,Other kind of intervention,Environmental consequences,Conspiracies
13314,"COMMENTARY: Texas acting to protect unborn from Zika: Over the past month, my office has seen an increase in ... https://t.co/rwmhFkSBFC",,,,,,,,,,,
8240,Bee-pocalypse: What lessons did we learn from Zika spraying? https://t.co/bOmf548Yvz,,,,,,,,,,,
769,Get our free white paper on protecting your employees from the Zika virus - at home and when traveling.. https://t.co/XIWgQ0KMAz,,,,,,,,,,,
14872,Zika is a mosquito born disease and we make repellent for that protected species. We should make DDT and eradicate the species.,,1,,,,,,,,,
30020,"Y'all, this sh*t is for real. Wear bug spray this weekend &amp; read our #Zika Q&amp;A @austinwoman https://t.co/1dhwHnOYY3  https://t.co/0sU9f1sg9X",,1,,,,,,,,,
4652,We're still learning more about the effects of #Zika. Make sure you are protected https://t.co/kfDTrykPqW @KHNews https://t.co/Nuvzq6lp6C,,,,,,,,,,,
23179,@grist They can't spray me or my air in #TheOC #California USA. I can't breathe #pesticides.  Chemicals are not the answer to #Zika! @UF,,1,,,1,,,,,,
16988,Not seeing as many Zika related insect repellents at Outdoor Retailer as I expected.,,1,,,,1,,,,,
4029,"I understand the need to control mosquitoes, but blanket spraying poison from the air WILL have consequences. :( https://t.co/z8VFc036rg",,1,,,,,,,,,
22955,#Summer is upon us &amp; #Zika is a growing concern. Watch @TODAYshow's segment on which mosquito #repellent works best https://t.co/ffgWzns53I,,,,,,,,,,,
7140,Learn how you can protect you and your family from mosquitoes and Zika Virus with our mosquito treatment options: https://t.co/LVokmx83RM,,,,,,,,,,,
29001,So is it wrong for me to buy stocks that make bug spray?  $SPB #ZIKA gonna be bad me thinks üò≥ Anyone booking Caribbean trips this summer?,,1,,,,,,,,,
28958,Watch @DrJayVarma talk about our efforts to protect NYC from #Zika on @ABC7NY‚Äôs Up Close: https://t.co/HH7bHsFdpO https://t.co/mo6ElKBovo,,,,,,,,,,,
8737,"My grandma just called me and said, ‚ÄúPlease don‚Äôt you girls have unprotected sex in Florida. The Zika virus is really bad down there.‚Äù ‚Ä¶‚Ä¶‚Ä¶ok",,1,,,,,,,,,
783,Just had a @WhatsApp fight with some in my mommy group over #zika virus and use of mosquito repellent in kids. My #Brazil life.,,1,,,,1,,,,,
29684,"To my friends in warmer climates: #1 Right now, I am jealous ..lol #2 Don't go unprotected from the #Zika virus!... https://t.co/5oOlBEIXvz",,1,,,,,,,,,
6600,@elliehunterr no it does not. Well I hope that each athlete's 42 condoms protects them from Zika and that the swimmers don't die,,1,,,,,,,,,
1675,would it help if i use insect repellent for zika virus cos im fuckin terrified üòï,,1,,,,1,,,,,
6121,we can't have funding to protect us from the Zika virus. Why? Because the GOP is nothing but asses. #GOPObstructionists,,1,,,,,,,,,
31517,"CDCgov: Learn how CDC is working to protect your health in our new video 'Zika Virus 101,' w. Dr. Anne Schuchat. https://t.co/pVxddUD73h",,,,,,,,,,,
7135,Senate Republicans are refusing to deal w threat of the #ZikaVirus . We need funding now to protect public health... https://t.co/JfQOkbGboN,,1,,,,,,,,,
29731,@Randiii__ I was thinking the same except change vodka for intravenous drugs and bbq for unprotected sex. Wait I might have zika...,,1,,,,,,,,,
31167,"‚ÄúWe want to combat Zika,' an activist says, but not by spraying Naled. https://t.co/JvCNQgUcfH https://t.co/XqMmi3W4lI",,,,,,,,,,,
4317,I might cry this is so horrible #SaveTheBees üò•üêù‚ö°Ô∏è ‚ÄúMillions of honeybees dead from Zika insecticide spray in S.C. ‚Äù  https://t.co/klvDKMuz3T,,1,,,,,,,,1,
2766,'Stop. This is crazy... We can't live without these honeybees': Zika spraying kills... https://t.co/UsYUK7bWA0 by @CNN via @c0nvey,,1,,,,,,,,1,
32200,"@KeithLeventhal Also, once you get Zika you're likely protected from getting it again. Third, I only play one on TV!",,1,,,,,,,,,
22989,@BoabAlmighty Some times the rules of the job change.. Zika is a threat we had not imagined. We must protect babies &amp; women from abuse,,1,,,,,,,,,
5182,"Thanks UK, I penned letter to Ky Senators &amp; Reps urging them lead efforts to protect Kyians from growing Zika threat https://t.co/h8Qns9lPRb",,1,,,,,,,,,
23204,First words my dad said to me when I got off the plane: Put on this mosquito repellent before you give us the Zika virus!!!!,,1,,,,,1,,,,
32438,9 new Zika cases in Florida reported today. I sprayed on Skin So Soft. I'm going to use it daily. Mosquitoes hate... https://t.co/3THtGqaEqG,,1,,,,,1,,,,
32049,@NBCNewsHealth Zika bug spray: I don't think it's enough. Not trying to scare anyone. Hoping for other meds &amp; possible vaccine.,,1,,,,,,,,,
17451,Reducing or eliminating #mosquito breeding is something we can all do now to help protect ppl before local transmission of #Zika. #DSHSGR,,1,,,,,,,,,
14009,The Zika virus: Let us spray https://t.co/EVHBdFoSNy via @TheEconomist,,,,,,,,,,,
33257,Sucked up as much info as I could on a years-old mosquito spraying fight now latched onto Zika/CR deal: https://t.co/RK70hAoAYK @CQNow,,1,,,,,,,,,
18379,"#ZIKA Thus the African, Asian, Arabic, ME Jewish populations with possible immunity to the 'old' Zika will not be protected against Zika+",,1,,,,,,,,,
2260,I learned a couple things in the past couple weeks. 1) Fresh Catnip is a great mosquito repellent. Zika can kiss... https://t.co/9JdsHv0bgt,,1,,,1,,,,,,
12586,@AdamNeira Here in SC we have been spraying since first Zika announce. Hasn't helped. We now have #Zika.,,1,,,,,,,,,
7769,@ChrisMurphyCT you had a chance to protect us from #Zika but chose to vote the bill down #takeresponsibility,,,,,,,,,,,
22673,Many have asked if our #Avon Bug Guard products protect against the Zika virus. The best way to prevent diseases... https://t.co/wKSM9LV1wr,,,,,,,,,,,
20841,@Terminix how do we protect our children the zika virus? #MosquitoWeekChat,,,,,,,,,,,
5076,"@clivecookson Hi Clive, are you interested in a briefing next wk Weds-Fri in London on a Zika repellent? Nootkatone... I will email!",,,,,,,,,,,
4417,Can wearing perfume help ward off mosquitos and protect us from¬†Zika? https://t.co/lEbaz4EYRC https://t.co/3lyMttv0K6,,,,,,,,,,,
2987,Flavivirus news: Bee-pocalypse: What lessons did we learn from Zika spraying? - NBC2 News: NBC... https://t.co/aJEDtf0g9H #pathogenposse,,,,,,,,,,,
31250,"UN and Permission from OBAMA to spray 4 global warming so, why R we sick in USA from weaponized ZIKA, Tuberculosis,‚Ä¶ https://t.co/cRa0114GJ2",,,,,,,,,,,
2337,"Our no-nonsense guide to Zika: How to protect yourself &amp; your crew on the jobsite, &amp; your partner at home. https://t.co/dMxuMS8I2x",,,,,,,,,,,
3942,"As I was parking my car, the cops and health department had just started spraying for Zika in the neighborhood, all while blaring their horn",,1,,,,1,,,,,
3853,"So, mosquito killer spray also kills HONEYBEES??  You know, those POLLINATORS of our FOOD PLANTS?!?!  https://t.co/nyW4cU1Rym",,1,,,,,,,,1,
4012,@LisaSalvadorini we spray pesticides to kill mosquitos in fear of Zika what about collateral damage of all other insects? Not best solution,,1,,,,,,,,1,
20798,"@SenJeffMerkley Not certain cause is from Zika mosquitoes. Linked to pesticides, GMO, etc. Big pharma wants tax $, protect us from them 1st!",,1,,,,,,,,,1
18032,Nervous about this Zika virus because of my upcoming trip Saturday to the Caribbean . I'll be doused with bug spray,,1,,,,,1,,,,
2579,I mean....hasn't EVERY summer olympics had an official bug spray? #Zika #Rio2016 #WelcomeToHell https://t.co/kVuuc4wYOu,,1,,,,,,,,,
21212,"MT @LizSzabo https://t.co/VM0k3EQT7F what I did 2 reduce Zika in neighborhood, protect pregnant friend https://t.co/ivnScvWpfW  #zikachat",,,,,,,,,,,
14442,".@WhiteHouse urges swift action on a #Zika emergency supplemental to protect Americans. We must act, @SpeakerRyan. https://t.co/bm1UOPa49v",,,,,,,,,,,
14360,@SueByrneHealth I saw your story on best repellants for Zika. Do u know any orgs providing to women in affected area that I can donate to?,,,,,,,,,,,
15103,"Zika doesn‚Äôt take a vacation. @RoyBlunt, act NOW to approve the emergency funding we need to protect our health! #StopZika",,,,,,,,,,,
28441,"That's why I thought it strange that the great @gordonkeith said #Zika couldn't touch him, even in unprotected sex. https://t.co/YuYL70DET1",,1,,,,,,,,,
15683,@MO_MIAMI I am staying in sept. I have been hearing Zika virus warnings. Do the hotel take any steps to repel insects in the grounds? TIA,,1,,,,,,,,,
3211,"Knock out mosquitoes and Zika naturally!  No Deet.  With our Bug Off! spray, stick, or soap.  Now-noon make the... https://t.co/6173UchDmm",,,,,,,,,,,
7541,I made it the whole entire ass summer without a single solitary bite. I was spraying OFF every damn day. No Zika for me.,,1,,,,,1,,,,
3044,@CDCgov tweeted at me months ago saying aerial spraying is safe. I call bullshit once more. https://t.co/DnDoFbbJKn,,1,,,,,,,,,
3834,Aahhhh so spraying to kill zika mosquitos has killed millions of honey bees we are BAD shame on us and what we've become,,1,,,,,,,,,1
32728,Leave to Fla in 10 days and with Zika virus guess I'll be lathering both sunscreen and Off repellent before heading out. Should smell great.,,1,,,,,1,,,,
16327,i need bug spray I'm not tryna get the zika virus,,1,,,,,1,,,,
14480,"From Zika and malaria to cancer, how wearables can protect and even treat us https://t.co/QfD7dtqQnm",,,,,,,,,,,
20497,And the poison is being sprayed! #Zika #Hoax @acls9_9 @TriciasFamily Mosquito control just passed my house...,,1,,,1,,,,,,
25749,#MosquitoesMustFall The Zika virus: Let us spray https://t.co/pAj1fegD3j via @TheEconomist,,,,,,,,,,,
6330,"since the cases of Zika virus,everywhere i go i smell insect repellent .",,1,,,1,,,,,,
2759,'Stop. This is crazy... We can't live without these honeybees': Zika spraying kills... https://t.co/jUsZBN8Kwh by @CNN via @c0nvey,,,,,,,,,,,
2992,'Stop. This is crazy... We can't live without these honeybees': Zika spraying kills... https://t.co/3TQLgzKnyL by @CNN via @c0nvey,,,,,,,,,,,
14498,"@Maxinflation I'm not sold on #zika either, but at start of #mosquito season in #Texas, I'm planning to protect preg friends just in case.",,1,,,,,,,,,
8378,mum making me put insect repellent everywhere i go bc of zika,,1,,,,,1,,,,
2807,'Stop. This is crazy... We can't live without these honeybees': Zika spraying kills... https://t.co/rYpVH45tj6 by @CNN via @c0nvey,,,,,,,,,,,
15085,@1BoMania lmao I just heard that It repels mosquitos I'm tryna cop some to avoid this Zika thing lol,,1,,,,,1,,,,
18542,Pretty sure I am spending my entire night getting repeatedly bit by mosquitoes pumping more &amp; more zika virus into me,,1,1,1,,,,,,,
18462,I'm much more confident in the US constitution protecting us from either presidential candidate than the US Gov't protecting us from Zika.,,1,,,,,,,,,
4097,Yikes! Mkes me appreciate Carlisle's resistance to spraying. Zika spraying kills millions of honeybees @CNN https://t.co/FgYFVgjK9S,,1,,,,,,,,,1
27355,"I got 'bitten' by mozzies THREE times today. So if y'all don't hear from me, it's the #Zika. Or the Skintastic I sprayed all over my body.",,1,,1,,,,,,,
1002,Pray for me I forgot to put on mosquito repellent and we got Zika out here üò≥üò≠,,1,,,,,,,,,
22677,I know they seem like a good idea but mosquito repellent wrist bands just don't work https://t.co/bWa4QR7CZG #ZikaVirus,,1,,,,,,,1,,
25858,@jk_rowling I hope the protection against insects on Castelobruxo is a strong one. Because we are suffering a lot because of the Zica Virus.,,1,,,,,,,,,
10574,Is there truly a way to protect from Zika? Unless you close all borders I don't believe you can prevent the spread of the virus.,,1,,,,,,,,,
28708,@DhesiMD i guess they should start spraying aerosol at the countries badly affected by zika or planting the plants that shoo away mosquitoes,,1,,,,1,,,,,
27509,In other news if anyone's concerned about getting zika or dengue just take me around with you. 27 bites. On my left leg alone. And I sprayed,,1,1,1,,,1,,,,
6225,@Zika_News I pray that the country gets all the help they need to protect the people who lives there. God bless you'll !,,1,,,,,,,,,
25162,We can protect ourselves from Zika: Most people with the Zika virus have either no symptoms or mild disease. ... https://t.co/6B4sPAj1Y7,,,,,,,,,,,
4228,South Carolina killed millions of bees while spraying for Zika mosquitos. My state is so trash it's ridiculous.,,1,,,,,,,,,1
4850,#Zika  I live in So. Florida . We have a bad breakout. They are spraying right now. Contacted the CDC. Actually got immediate response.üíêüå∏üåü,,1,,,1,,,,,,
30261,I had to spray bug repellent on my underwear (and every other article of clothing I have) so I won't get Zika or Dengue. üôÉ,,1,,,,,1,,,,
23158,Zika virus~conquer your fear with a good mosquito repellant. But no deet~I use a great herbal spray~Deet makes my lips numb~,,1,,,,,1,,,,
2227,@captrgutz Mosquito repellant for days! I'm legitimately concerned about zika; going to be taking every precaution.,,1,,,,,1,,,,
8545,#AceNewsReport More Mosquitoes With Zika Found in Miami Beach: Aerial insecticide spraying i... https://t.co/CqO6igVatf @AceNewsServices,,,,,,,,,,,
14687,Did u say Mr. Pres. has the floor? He is hoping lots will die from ZIKA virus. He's protected doesn't care about us https://t.co/coLAUILBUS,,1,,,,,,,,,
8633,@EricTrump. Foul odor coming from the direction of Pensacola last night. And I thought it was from the Zika spraying. #BasketOfDeplorables,,1,,,,,,,,,
9569,Do you know all the ways #Zika virus can be transmitted? Listen to our webcast to learn how to protect employees https://t.co/XEKANy1zA1,,,,,,,,,,,
10359,If you suspect a product is being falsely marketed as mosquito repellent/protection against Zika contact my office:  https://t.co/fVO85BMLlA,,,,,,,,,,,
18798,Zika virus: Will condoms and repellent be enough to protect our athletes in Rio?: As the World Health Organis... https://t.co/azi32hUtKG,,,,,,,,,,,
20925,I was too cool for bug spray; now I have Zika - https://t.co/RLxIa1gAA7 via https://t.co/biZt0qCKpI,,,,,,,,,,,
4128,We must protect pregnant women from the Zika virus https://t.co/NHAnYNMv7m,,,,,,,,,,,
22975,It takes everyone to protect our next generation. Please help to control mosquitoes and stop the spread of Zika. https://t.co/8g2lZjuB7n,,,,,,,,,,,
16127,Zika FAQ: I'm pregnant. What steps should I take to protect myself? https://t.co/oFN0VLkW4G https://t.co/iyCWATCf6d,,,,,,,,,,,
9364,How you gonna invite me to a bbq and not have mosquito repellent like zica out her that shit not playing,,1,,,,1,,,,,
24734,DDT why are we neglecting something that protects us from infected mosquitos like malaria zika west nile  etc. #DDT #Zika @GOP,,1,,,,1,,,,,
20043,Got this f**ker  I am NOT getting Zika tooooday Nope  I guess I'll be spraying repellant before every shift from now on  Ugh,,1,1,,,,1,,,,
26018,If Zika and Guillian-barre syndrome are related  Tomorrow self I buying a bottle of insect repellant and a insect lamp,,1,,,,,1,,,,
2585,Help us #ZAPzika by signing our petition to Congress. Just a minute of your time can help protect moms &amp; babies https://t.co/HZqTlivLCr,,,,,,,,,,,
16474,That Zika virus. Shower in holy water and get dipped in bug repellent and I'll be over there hooping too  https://t.co/5wRzGmCoBj,,1,,,,,,,,,
27052,"@PatrickGregry Thus African, Arabic, Persian, ME Jewish populations with possible immunity to 'old' Zika will not be protected against Zika+",,,,,,,,,,,
29659,"Spraying for Zika worries me some. We have had 1sthand experience of house spraying and although we will never know,had 2 very sick children",,1,,,,,,,,,
6810,"I better bring my mosquito repellent, for my coming trip to Chile, Argentina, and Uruguay. Better safe than sorry with the Zika virus!",,1,,,,,1,,,,
1905,I haven't seen any tweets about this but S. Carolina sprayed for mosquitos w/ Zika but ended up killing millions of bees in the process,,1,,,,,,,,1,
2729,'Stop. This is crazy... We can't live without these honeybees': Zika spraying kills... https://t.co/dhAYnZ31eP by @CNN via @c0nvey,,,,,,,,,,,
21956,"Sportando: DeMarcus Cousins on Zika virus: 'I feel protected by God, I'm not going to run around in fear': Co... https://t.co/U1zdTGeb8t",,,,,,,,,,,
949,If @blackkhannah goes to the Olympics I'm going to go with her and be in charge of spraying her with bug spray #ZikaVirus,,1,,,,,,1?,,,
27454,@tradeshowwendy I sure hope my state sprays this year to kill them .. I'm worried about the  Zika virus,,1,,,,1,,,,,
4613,Bee-pocalypse: What lessons did we learn from Zika spraying? - https://t.co/69fg2nJI0S #GoogleAlerts,,,,,,,,,,,
6141,"The talk of Zika treatments, Zika funding, Zika mosquito spraying has us beekeepers all‚Ä¶ https://t.co/K3uPh3f0x4",,,,,,,,,,,
11346,"Our #Bodybutter is packed w/ 5 moisturizers, essential oils and CDC recommended all natural non toxic #Zika protect https://t.co/EZK4OA0rtP",,,,,,,,,,,
24191,How will this be handled @SpeakerRyan @realDonaldTrump to protect our Country from #Zika??  https://t.co/nfftor3fb5,,1,,,,,,,,,
21249,@jimcramer @aptedjb1 We've had a noticeable lack of bees and butterflies in ATL this yr. I think it has to do w/ Zika-related spraying.,,1,,,,,,,,1,
5610,This week I urged @DeptofDefense to use the @910AW and its aerial spray capability to combat the spread of #Zika. https://t.co/I5Id2NKAxI,,1,,,,,,,,,
3961,"Sedihnya tengok video baby yang kena Zika tu. May Allah protects all of us, especially the preggers üòû",,1,,,,,,,,,
2276,I just combatted #ZikaVirus with 8 cents worth of bug spray.,,1,,,,,1,,,,
18057,"@SenSchumer has a 3-Point plan to attack #ZikaVirus; Build a firewall to protect U.S w. help of #NIH, #CDC &amp; #USAID https://t.co/SS3O1oJRKM",,,,,,,,,,,
5970,Our founder added #Natural #Zika repellent to #haircare #skincare products https://t.co/PgnFI4HlWp  #jazz #model https://t.co/6NU5kPQ2D3,,,,,,,,,,,
14662,"Zika doesn‚Äôt take a vacation. @RepKayGranger, act NOW to approve the emergency funding we need to protect our health! #StopZika",,,,,,,,,,,
2209,Make sure you have protection from Zika - we have products that will keep mosquitoes away. https://t.co/4wNtVuZjSl,,,,,,,,,,,
20886,@YourAnonNews i wish you could spread some awareness on how Monsanto wants to spray chemicals to stop ZIKA without our consent.   help?,,1,,,,,,,,,1
9440,"'We cannot spray our way out of #Zika. We have to engage our community and partners,' @ushahmd. #BakerHealth",,,,,,,,,,,
18609,my mother is terrified that I'll get the Zika virus and so she made me wear a mosquito repellent patch,,1,,,,,,,1,,
21916,McConnell: Today Senate Dems chose partisan politics over protecting the health of pregnant women &amp; babies &amp; supporting our veterans.  #Zika,,,,,,,,,,,
8394,"As a mom, I know how important it is to wear repellent. Prevent #Zika by preventing mosquito bites. #AtoZika  https://t.co/qrLORHizbf",,1,,,,,,,,,
569,Worried about mosquitoes but not sure what insect repellent to pick? I shared some tips with @tarahaelle https://t.co/87Pc2cFMnn #ZikaVirus,,,,,,,,,,,
14955,How much damage to the environment are we currently causing due to the excessive Zika mosquito spraying ? https://t.co/XK4FZY5Pu8,,1,,,,,,,,1,
24106,People in Brazil screaming zika at Hope Solo? WTF? How you blame someone for not wanting zika? I'd have a suitcase full of insect repellant,,1,,,,,1,,,,
3862,I just saw the video of those babies which infected with Zika virus. Mashaa Allah. May Allah protect us üò¢,,1,,,,,,,,,
5434,Glad to making a difference with our mosquito repellent fabrics #zika #ZikaVirus,,,,,,,,,,,
29421,#Pregnant? Worried about being bitten by #mosquitos? Follow us to find the perfect answer. #insectrepellentclothing #insectrepellent #zika,,,,,,,,,,,
23419,"@Maverick_SS_49 @timkaine I'd much prefer we protect women and children,ya know from Zika,than legislate your faux morality.",,1,,,,,,,,,
20778,"@JonFeere @FriendlyJMC Plague, Zika, when are our leaders going to protect us from these viral &amp; bacterial invaders? https://t.co/KW75GlUaC9",,1,,,,,,,,,
26530,I introduced legislation to provide our troops with additional protections from #Zika. Congress must act now. https://t.co/CRfR6Nw0hb,,,,,,,,,,,
21386,I seriously have the most over protective coworkers of all time üòÇ #zika #dexter #miami,,1,,,,,,,,,
4673,"@beneaped I don't know, but if they are already spraying for Zika, maybe they can swing by Trump HQ to spray before they lay eggs",,1,,,,,,,,,
1766,The beginning of us being dependent on GMO food?: Millions of bees dead after S. Carolina sprays for Zika mosquitoes https://t.co/lVbWsKQoIF,,1,,,,,,,,1,
24226,"@BobHarig I just got back from Rio. Zika issue seems little overblown. Its winter there, very few mosquitos. Bug spray and they will be fine",,1,,,,,,,,,
20487,I'm sure she didn't say Rick Scott has the spraying down pat so it's under control. Smh https://t.co/wqubS2xu6t,,1,,,,,,,,,
10293,"We must do more to ensure the US is fighting #Zika and protecting women's health, in particular https://t.co/eCDvMvW5RP",,,,,,,,,,,
19934,Protecting the deep forest habitat of local bats (aka not logging) may be our best protection against #ZikaVirus ! https://t.co/2GVcyTc61i,,1,,,,,,,,1,
2326,#Zika funding from Congress will help our #publichealth experts continue vital work to protect the American people from this virus.,,,,,,,,,,,
29561,I really hope the authorities are protecting us against the influx of Zika. Tighten our border security pls.,,1,,,,,,,,,
19907,Do not spray zika repellant on skin under clothes. I don't understand this @CDCgov #health #Rio2016 #ZikaVirus,,1,,,,,,,,,
3105,And then I feel and itch and j remember the Zika virus is in Florida so I run into her house and grab bug spray. I spray myself all up in it,,1,,,,,1,,,,
12163,"The Cost of Agrochemicals.  Take a look   Zika, Brazil, spraying...GMO mosquitos.  Some weirdo today told me that... https://t.co/RqGvZ6MS79",,1,,,,,,,,,
8669,DENGUE ALERT IS ON!! ZIKA VIRUS IS DEFINITELY WORRYING...   OUR MUST HAVE to ensure protection for our precious... https://t.co/iPOkGIEyrf,,,,,,,,,,,
24430,"@WhiteHouse educating Americans? how hard is it to tell ppl to wear bug repellant? How about we bring back DDT, reducing Zika AND Malaria?",,1,,,,,,,,,
10885,People who go to Rio Games should wear mosquito repellent for 3 wks after so they don't give our mosquitos #Zika: Schuchat #SpotlightHealth,,,,,,,,,,,
15388,.@DrFriedenCDC: #Zika is coming. To fully protect Americans we must have the funds we need ‚Üí https://t.co/ChW3bxEQ7j,,,,,,,,,,,
13468,.@gmleu We have to invest in protecting everyone from Zika. #atozika https://t.co/3tU7D5rloR,,,,,,,,,,,
10568,We need to put our political differences aside &amp; finally pass #Zika response plan that will help protect Americans from this growing crisis.,,,,,,,,,,,
4223,Let us protect we of the Virus #Zika,,1,,,,,,,,,
20335,"Candidly, I'm surprised liberals haven't tried to make the Zika mosquito a protected insect.",,1,,,,,,,,,
18748,"Off to buy my repellant, bug spray, mosquito net and electric mosquito swatter *skips off* #zikavirus #nopeaintgettinit",,1,,,,,1,,1,,
2699,'Stop. This is crazy... We can't live without these honeybees': Zika spraying kills... https://t.co/WU1rjHHmN8 by @CNN via @c0nvey,,,,,,,,,,,
2853,"Not that I'm denying that it's necessary during the Zika outbreak, it's just that spraying neighborhoods with poison is always complicated.",,1,,,,,,,,1,
7676,I thought he was spraying for bugs. #Zika https://t.co/Bcd91EM1IM,,1,,,,,,,,,
14018,"I founded this OFF! Spray in my counter, and it says 'repels Mosquitoes that may carry 'WEST NILE VIRUS' and the Zika viruses carries Part 1",,1,,,,,,,,,
26799,@RTUKnews shouldn't they already know the risks associated with unprotected sex. I think Zika virus is minimal compared to some other sti's.,,1,,,,,,,,,
32330,#DoYourJob @HouseGOP we don‚Äôt need to roll back protections from harmful pesticides to protect Floridians from #Zika https://t.co/gOwloZSoNi,,1,,,,,,,,1,
3761,"There are 53 *confirmed* cases of the #ZikaVirus in MI, and we're breaking down what you need to know to protect yourself @ 5:34 on #MTM",,,,,,,,,,,
9458,Avon Representative her try out our skin so soft collection each one has the oil to protect you from zika https://t.co/hxOmjzUCwy,,,,,,,,,,,
3665,"I may be a savage, but I'm also joking. Don't take the Zika Virus lightly this year. Bug spray and Vitamin E will prevent mosquitos.",,1,,,,,,,,,
30711,How can I prevent the #ZikaVirus and protect my family? Check out these specific tips: https://t.co/7ss4FGpCmn https://t.co/jhAuv3Pq4i,,,,,,,,,,,
5246,The Zika virus will reach NJ this season. The only defense is effective bug spray. We've got it at Nature's Pavilion https://t.co/wJZCn7dy5d,,,,,,,,,,,
27220,"My grandparents keep freaking out about Zika and have made me put on bug spray every single day, even though it clearly isn't working üôÉüôÉ",,1,,1,,,1,,,,
9442,"‚ÄúWe can‚Äôt spray our way out of this‚Äù @ushahmd #Zika response is about more than resources, this is about behaviour changes #bakerhealth",,1,,,,,,,,,
20448,@ParaKitoUSA A2: I try to stay updated with all #zika related news/info as I'm pregnant and must protect myself and my baby !! #PKchat,,1,,,,,,,,,
24079,Leon county first case of zika. That's Tallahassee. I'm feeling like carp. Here's to hoping it's just a summer cold. Use repellent!,,1,,,,,,,,,
5265,@thinkpuertorico and bug spray sounds a better idea rather than banned tourism. I know no one with Zika and I live in PR,,1,,,,,,,,,
6679,"I hope Congress, will stop playing politics and work quickly to fund critical-response efforts to protect pregnant women against Zika.",,1,,,,,,,,,
23388,"Zika 101- The Missing Medical School Lectures https://t.co/s5Rol2nNBp via @YouTube There is No reason to spray us like bugs with neurotoxin,",,,,,,,,,,,
2005,"Zika spraying has killed millions of honeybees, beekeepers say https://t.co/qTWVY6UBrT https://t.co/iPAJjXAizY i‚Ä¶ https://t.co/iWfLzlFmoO",,,,,,,,,,,
21922,@SenateRPC @SenateGOP we protected vaginas from Republicans #Zika #ZikaVirus https://t.co/6zNywCjQ2d,,,,,,,,,,,
18666,"Our job is to to protect pregnant woman, Gov. Rick Scott says at Zika roundtable in Naples. #zika",,,,,,,,,,,
3783,@FLGovScott either Zika's gonna kill us here in Miami or the spray for them will. #MoreLuckyAmericans,,1,,,,,,,,,
32758,Yo i got so spooked about Zika cause I'm going to DR in May but I found out I can bring bug spray on the plane SO ITS FUCKING LIT,,1,,,,,1,,,,
7935,"Zika has arrived in Florida.   To protect us, President Trump will build a giant mosquito net.   The mosquitos will pay for the net.",,,,,,,,,,,
3400,'We cannot spray our way out of this.' Why current methods of controlling #Zika mosquitoes may be a lost cause.  https://t.co/FFQ0n2YHns,,,,,,,,,,,
1996,@phil500 also they are being poisoned as we spray for Zika üò´,,1,,,,,,,,,
26407,Just in case y'all sleep ... I've been seeing less bees this year... Since they been spraying that anti-zika... https://t.co/aY8PyDdyCI,,1,,,,,,,,1,
24361,#marshablackburn protecting infants lives I don't think so.  Slew of anti-abortion laws may thwart Zika research https://t.co/18dyL3mvQW,,,,,,,,,,,
23454,Watch out for the Zika virus. I mean not that we would even know üòÇ just wear the spray girl so ur babies are beautiful.,,1,,,,,,,,,
2895,"NFR: Many questions about Zika, spraying, bees and more.  We present  one side of this multi-sided  conflicting,... https://t.co/tYZaqtSW77",,,,,,,,,,,
20688,My mama sends me a message telling me to make sure I protect myself cause the Zika virus going around . . . but how ü§îü§î,,1,,,,,,,,,
9328,In this informative video HRC tells us Zika is transmitted through mosquitos and we should use mosquito repellant https://t.co/aZwfLyzltg,,,,,,,,,,,
24983,@SpeakerRyan Where's the money for protecting citizens from Zika? Have you no soul? I support PP and ALL women's rights!,,1,,,,,,,,,
5393,Many of you have asked if our Avon Bug Guard products protect against the Zika virus. The best way to prevent... https://t.co/2pVJPeRjIH,,,,,,,,,,,
11335,Mosquitoes' rapid spread poses threat beyond Zika - Reuters I'm stocking up on skin so soft by Avon n bug spray  https://t.co/3TCckZ6gIn,,1,,,,,1,,,,
27902,may Allah protect us from zika,,1,,,,,,,,,
9211,Seen people posting angrily about NYC spraying for Zika mosquitoes in predominantly DR &amp; PR neighborhoods. Am I naive for being relieved?,,1,,,,,,,,,
4586,"@MackayIM I mean. I know no immunology, but it might make sense that specific Zika AB's protect from 2nd Zika infection?",,1,,,,,,,,,
31089,#Zika in the U.S is about to get bigger than people think! Do you have a protection plan? https://t.co/JerXinFQ4h https://t.co/gwqFxRGyHE,,,,,,,,,,,
7123,"There is so much about #ZikaVirus we don't know. In order to be as prepared as possible to protect women &amp; children, new funding is needed.",,1,,,,,,,,,
18767,Will condoms and repellent be enough to protect our athletes from Zika virus in Rio? https://t.co/Wv0WbeaNCv,,,,,,,,,,,
2673,"@CNN Anything man puts his hands in/on, he has a tendency to fu*k it up! You get my point? #Honeybees #medicine #food #gas #Zika spraying",,1,,,,,,,,,
24732,"It's time to stop playing political games, and start protecting our citizens against the Zika virus. https://t.co/HAQDF0CZM9",,,,,,,,,,,
5545,@heyitsmelo I have a question for you: Do you believe and unborn child deserves to be protected from the Zika Virus?,,1,,,,,,,,,
15307,"Republicans: our first priority is to protect Americans!  Also, republicans: no, we won't fund Zika virus research!  https://t.co/ocIZ22TOc8",,,,,,,,,,,
26682,"Lady filling basket with bug spray. Another woman asks if she's going on vacation. 'Yes, Costa Rica. I'm a little beyond nervous.' #zika",,1,,,,,,,,,
2379,We need tools &amp; resources to protect Americans from #ZikaVirus. Join @PublicHealth in telling Congress to act now: https://t.co/vzxFs0rrDG,,,,,,,,,,,
21161,I wonder if that spray will make the people sick!!!! #Zika #msnbc,,1,,,,,,,,,
13346,They spraying pesticides for Zika now. I wonder what else they spraying.,,1,,,1,,,,,,
32231,Our Bug Baffler products can help protect you from #Zika at the 2016 @Olympics! #staysafe #Rio2016 #insectprotection,,,,,,,,,,,
21538,Hopefully Zika never reaches Dallas because I don't like to put on mosquito spray.,,1,,,,,,,,,
6593,#Zika no problem we make the finest all natural repellent on the market  Made in USA free shipping https://t.co/2xFqAWV2eN,,,,,,,,,,,
31059,Avoiding the risk of Zika involves more than bug spray. We need policies that protect reproductive health: https://t.co/Jd8Tf1yXcZ,,,,,,,,,,,
16713,Also copped some bug repellent that's 98.11% Deet. I'm not playing with these hoe ass Zika mosquitos in Costa Rica.,,1,,,,,1,,,,
15465,6 more days till I I'm in Jamaica got to start packing though. Get all the bug spray and stuff mosquitos ain't no joke and zika.,,1,,,,,1,,,,
2763,'Stop. This is crazy... We can't live without these honeybees': Zika spraying kills... https://t.co/AexilLZTuk by @CNN via @c0nvey,,,,,,,,,,,
3924,"Lord knows what else is in the spray- damaging to us??? Zika's an easy, unGodly scary justification for malintent https://t.co/d5wcEMtkm2",,1,,,,,,,,,
1782,Houston's mosquito hunters take on Zika: 'We cannot spray our way out' https://t.co/q2selcKK5c #GoodbyeMosquitoes #HelloYard,,,,,,,,,,,
7543,"#SoFL, stay informed on #Zikavirus. Visit us to learn valuable mosquito facts &amp; how to protect yourself from Zika.‚Ä¶ https://t.co/ZFdllt6bA1",,,,,,,,,,,
10552,@Oooooo_Donna @Morning_Joe @JoeNBC @MSNBC I didn't see Dems sitting on the floor to protect u from Zika,,,,,,,,,,,
20738,@pattonoswalt @realDonaldTrump @SpeakerRyan literally a frog would do more to protect us from Zika than he has.,,1,,,,,,,,,
17976,The Economist | The Zika virus: Let us spray https://t.co/P2pW1WsFxy via @TheEconomist #Zika,,,,,,,,,,,
5766,.@YorkCountySCGov holding a press conference today on spraying for the #Zika virus in Hickory Grove. I'll be tweeting updates from there.,,,,,,,,,,,
6146,"@AmandiOnAir on Zika, heavy spraying will create void n food chain 4 fish, geckos, birds...'boomerang effect' in months, my pest exp. 25yrs",,1,,,,,,,,1,
30896,@NekiMohan 2 am I found it weird they're spraying in lemon City .... So zika is spreading?,,1,,,,,,,,,
8408,@MatthewModine @darrowbythirsk I'm doctor in Brazil and we're scared and still learning about Zika but repellent &amp; condoms are essential,,1,,,,,,,,,
30033,"@SpeakerRyan great protect us from zika but how dare you close the southern border, terrorist thugs you hypocrite lying corrupt politician",,1,,,,,,,,,
31153,"In our September blog, Dr. Monica Best provides information on the Zika infection and how to protect yourself and... https://t.co/bdA6uOmAKR",,,,,,,,,,,
7115,"We need facts and funding, not fear, to fight #Zika virus and protect our moms&amp;babies. Join us! https://t.co/0fjwIdNEAQ",,,,,,,,,,,
30140,"Instead of protecting the American people from #Zika, @POTUS decided to protect us from... https://t.co/5U0DHGNPqn via @Heritage",,,,,,,,,,,
30123,I'll continue 2 report REPUTABLE recommendations 4 mosquito protection -NOT about MY preferences -about what's SAFE &amp; EFFECTIVE Zika &amp; more!,,,,,,,,,,,
17483,Clinton says she's for women but not once have I heard her mention about the zika virus and how to protect women,,1,,,,,,,,,
14686,Q: What can I do to protect myself from Zika? A: The best protection from Zika virus is preventing mosquito bites. https://t.co/QKrjU6HbSA,,,,,,,,,,,
18059,#USAfricaBF Blog: RT WHO: #Zika  Q: What can I do to protect myself and my family?  A: ‚Ä¶ https://t.co/8pPjlq36TH https://t.co/gPi7fopT8P,,,,,,,,,,,
15112,"Zika doesn‚Äôt take a vacation. @SenatorCollins, act NOW to approve the emergency funding we need to protect our health! #StopZika",,,,,,,,,,,
3346,@ParaKitoUSA Q7 Disease!  ZIKA and West Nile   the dog is protected why not me too lol  #pkchat,,,,,,,,,,,
24331,'We won‚Äôt spray our way out of this insect-borne disease.' https://t.co/cgw94zWSth #StopTheMosquito #zika,,,,,,,,,,,
18728,We must protect pregnant women from the Zika¬†virus https://t.co/iMs3yWyCpT,,,,,,,,,,,
3592,#educateyourself yourself about the #ZikaVirus. Learn about our #BeFree Mosquito repellent @ https://t.co/Ku7Lt6c4GM https://t.co/jVNOX5P7zy,,,,,,,,,,,
7237,#FF we are THE ONLY natural range that protects against #Zika &amp; #malaria carrying #mosquitoes @TBOSutton @Ecobears @ianbrodie @ixpo,,,,,,,,,,,
4099,Combating Zika is something we must do together and everyone must do their part to take precaution in order to protect our state.,,1,,,,,,,,,
8746,@jerebaxtermp  informing the local community about #Zikavirus and how we can protect ourselves.#MNPSSymposium https://t.co/2BOdFwXLyH,,,,,,,,,,,
14567,@SpeakerRyan good grief protect us from terrorists... More people are dying from their attacks than the Zika virus you are touting.. Geez,,1,,,,,,,,,
19446,Zika out here killing niggas I need that off spray,,1,,,,,,,,,
1893,Zika .. the spraying is killing our bees!! Wake up!! #Greed... https://t.co/KKsXNK1VKg,,1,,,,,,,,1,
30699,"@ElsaCalduch Thus African, Asian, Arabic, ME Jewish populations with possible immunity to the 'old' Zika will not be protected against Zika+",,,,,,,,,,,
32357,Look out #mosquitoes I'm armed and dangerous!  Find out which #repellents work on @whiotv #ZikaVirus #westnilevirus https://t.co/MBgCYAnP6W,,,,,,,,,,,
29736,"The Zika virus can be spread through sexual contact, all I want to know is who is having unprotected sex with mosquitos!  #ZikaVirus",,1,,,,,,,,,
21660,"Until Congress protects us from Zika, they have no right to talk about threats to USA. I am more worried about mosquitos  than ISIS.",,1,,,,,,,,,
11168,"@espn I would not send our ppl to the games, no protect from who ever &amp; zika virus. And the leaders said their is nothing they can do.",,1,,,,,,,,,
10781,"please don't spray zika monstanto poison on us, we will take our chances. Please don't spray anything on us, we r okay thxs",,1,,,,,,,,1,
22218,@Morning_Joe Zika Miami problem is growing no spraying is going on I know I live here! Pls help get the message to the right forum.,,,,,,,,,,,
27830,The Zika virus has made itself known in my little town already. I'm buying stock in mosquito repellent now.,,1,,,,,,,,,
2881,What lessons did we learn from Zika spraying? - https://t.co/GHVt6TywgC https://t.co/YiuJAiSKBi,,,,,,,,,,,
20968,Carrot Face said this about the Zika virus in Fla.  'I see what they're doing with the spraying and everything else... #Trump.   Words fail.,,1,,,,,,,,,
16718,God Please protect me from The Zika Verus üôèüèæ,,1,,,,,,,,,
20930,And organic/homemade repellents just aren't the same as deet...I was too cool for bug spray; now I have Zika https://t.co/G8nVjpSAgP,,1,,,,,,,,,
5483,ZikV?? SHOO! Our natural mosquito repellent is one way to protect your children and yourself - adult version also... http://t.co/APTiloh9qN,,,,,,,,,,,
20696,We all must work together to protect #PublicHealth and preparation is key! #Zika https://t.co/h8FhQ8IKQy,,,,,,,,,,,
14666,Planning to be outside? Stock up on bug spray at our CVS and skip the mosquitoes  Queens Chapel Rd. #hyattsvillemd #zika,,,,,,,,,,,
11403,Worried about #Zikavirus? So are we. Check out our site for what you need to know to protect against #Zika: https://t.co/R7GdEsCQD9,,,,,,,,,,,
23138,For clarity I believe they are spraying for the (caughs) Zika virus. Hrmm.,,1,,,,,,,,,